x,point,lb,ub
bivalent_timeMonovalent<90,0.7475632786897966,0.6472690122428123,0.8633981313410919
bivalent_timeMonovalent>=90,0.8508288245718173,0.7415140928724483,0.9762588407699808
bivalent_timeBivalent,0.6290263882751149,0.35364003718748727,1.1188614283983442
has.prior.inf.roommate,0.809387985412186,0.7370674949741565,0.8888045062312332
age,0.9960086332521476,0.9890157206195057,1.0030509898178517
age.roommate,1.0114062776549246,1.0045663053448035,1.0182928225217345
risk,1.1304534818504173,1.0825498300894476,1.180476906566177
risk.roommate,1.1277153009659688,1.0820676824940365,1.1752885892512317
