x,point,lb,ub
infvaccvacc,0.7306223903292105,0.613523346956482,0.870071334527768
infvaccinf,0.6785699516297639,0.5318283693681699,0.8658003329191687
infvaccboth,0.6083522570280403,0.5067031091357448,0.7303931275700218
age,0.9960148115350398,0.9890276793808048,1.0030513053166168
age.roommate,1.0103677870715615,1.0036120548682856,1.0171689949318712
risk,1.1307529846921227,1.082887437271747,1.1807342742949218
risk.roommate,1.127310320148574,1.081754017125632,1.1747851524418138
