x,point,lb,ub
has.vacc.roommate.binary,0.7870119195366897,0.6877006903632571,0.9006647371048182
has.prior.inf.roommate,0.8699464684609942,0.7861027700376542,0.962732719987114
age,0.9948906663030727,0.9883755193570829,1.001448759618025
age.roommate,1.00512099044955,0.9988325407790333,1.0114490309399928
risk,1.0935616477173578,1.0505384786726697,1.138346763718036
risk.roommate,1.0652185385905584,1.0240903720473695,1.1079984403022194
