x,point,lb,ub
has.vacc.roommate.binary,0.7628562704869905,0.6661877722173126,0.8735520429688801
has.prior.inf.roommate,0.8428085760193134,0.7614928978998003,0.9328075124151317
age,0.9944901166747852,0.9879098646359272,1.0011141983366127
age.roommate,1.006395437368572,1.0000786252684037,1.0127521484467812
risk,1.091993469251951,1.048498662673915,1.137292568259351
risk.roommate,1.0650366102354711,1.0239428540574314,1.107779576415933
