x,point,lb,ub
bivalent_timeMonovalent<90,0.7423526396736966,0.639276420925208,0.862048753234056
bivalent_timeMonovalent>=90,0.8299754868901336,0.7173742313255633,0.9602509802528603
bivalent_timeBivalent,0.6992896013779428,0.3951561699251381,1.2375004714919773
has.prior.inf.roommate,0.8669106645860997,0.7832725019902216,0.9594797448698067
age,0.9948228822305771,0.9883046218416482,1.001384133128261
age.roommate,1.0060591047245449,0.9996817560880473,1.0124771368839571
risk,1.0933921809957154,1.0503689255646056,1.1381776748773729
risk.roommate,1.065838495837,1.024534685870936,1.1088074565697874
