x,point,lb,ub
bivalent_timeMonovalent<90,0.7019015860658796,0.6036504695158992,0.8161442115946558
bivalent_timeMonovalent>=90,0.8189255791127035,0.707659081650571,0.9476867060913746
bivalent_timeBivalent,0.7365257474470017,0.3987408290132391,1.3604580649411084
has.prior.inf.roommate,0.8381155772267362,0.757105809204325,0.9277933311967679
age,0.9944770302778908,0.987893286571004,1.0011046508708616
age.roommate,1.007702977268413,1.0012908982004616,1.0141561180877967
risk,1.091337340152348,1.0478432733750362,1.1366367664647132
risk.roommate,1.0648013950238393,1.0235349350926684,1.1077316190893498
