x,point,lb,ub
dose.1,0.9336113068192418,0.8926328269831536,0.9764710033873563
dose.2,0.8716300722207324,0.83337210010949625,0.911644369543566
dose.3,0.8137636907889481,0.7780456154499227,0.8511214912039724
dose.4,0.7597389827995192,0.7263921838051836,0.7946166476648825
has.prior.inf.roommate,0.8302001764974344,0.7506780148857496,0.9181464214870737
age,0.9932605223050769,0.9868565037378254,0.999706098539177
age.roommate,1.0075665731717522,1.001207734494771,1.0139657979024232
risk,1.0746764730022733,1.0324710339448937,1.1186071896000989
risk.roommate,1.0466636766920616,1.0077647265592626,1.0870640966437142
