x,point,lb,ub
dose.1,0.9281867404929742,0.8880929163054804,0.9700906396269783
dose.2,0.861530625226972,0.8243160692404836,0.9004252687781096
dose.3,0.7996613028642973,0.7651192454443053,0.8357627952846638
dose.4,0.7422350182039772,0.7101735385173937,0.775743944780569
has.prior.inf.roommate,0.8682329162631757,0.7845636223423867,0.960825069396201
age,0.9948719539298119,0.988359006853354,1.001427819095068
age.roommate,1.0061593285260328,0.9998018277500448,1.0125572551294149
risk,1.093827331803974,1.0508070558197946,1.1386088675127668
risk.roommate,1.0667624776485722,1.0255301893990851,1.1096525441008491
