x,point,lb,ub
dose.1,0.9159561992058068,0.8758396150358041,0.9579102662868824
dose.2,0.8389757588635477,0.8022307249020721,0.8774038466883551
dose.3,0.7684650473144626,0.7348082056674212,0.8036634925812202
dose.4,0.7038803239606657,0.6730521312083699,0.7361205581051585
has.prior.inf.roommate,0.8406859644126561,0.7595874016264874,0.930443144853487
age,0.9945101696206885,0.9879316877417349,1.0011324565768238
age.roommate,1.0076473989139847,1.0012579829841115,1.01407758818761
risk,1.0921492227031455,1.0486482859906854,1.1374547029600348
risk.roommate,1.0667535933680397,1.0255495033571786,1.1096131637121907
