x,point,lb,ub
infvaccvacc,0.7603706910636832,0.6345558168254191,0.9111311763260209
infvaccinf,0.8136304573789163,0.6303582865748653,1.0501877032055196
infvaccboth,0.6680941150038464,0.5528301492124174,0.8073903840784722
age,0.9948956447253846,0.9883798771266921,1.001454366686446
age.roommate,1.0051351122819696,0.9988462101181022,1.0114636104217
risk,1.0934254680325945,1.050402798052511,1.1382102716776368
risk.roommate,1.0653482595016202,1.0242079294219555,1.1081411121896763
