x,point,lb,ub
has.vacc.roommate.binary,0.7619512665103243,0.6779842594313763,0.8563174210321781
has.prior.inf.roommate,0.8248393478347188,0.7563531761430802,0.8995267967351006
age,0.9908794384073332,0.9853240209056308,0.9964661782588041
age.roommate,1.0049311538014671,0.9995920055755698,1.0102988201663843
risk,1.075176972117975,1.0392783899810543,1.112315557137535
risk.roommate,1.0843583100420782,1.0496981078677996,1.1201629647077516
time_since_inf,1.0020529772269267,1.0013876801315895,1.002718716329125
time_since_vacc,1.0015940294563297,1.0008023339093495,1.002386351282664
