x,point,lb,ub
has.vacc.roommate.binary,0.7727173750731867,0.689103231284506,0.8664770597969784
has.prior.inf.roommate,0.8433976716063502,0.7746554456014866,0.9182400207858913
age,0.994793910766763,0.9893394870015856,1.000278405846187
age.roommate,1.0049102324608097,0.9996832554690431,1.010164539397659
risk,1.0740168706591648,1.0388133575416578,1.1104133674121028
risk.roommate,1.0768892281632387,1.0432463374792451,1.111617043905594
time_since_inf,1.001933136788996,1.0012903544792022,1.00257633173544
time_since_vacc,1.0016664727157953,1.0008878285273288,1.0024457226532326
