x,point,lb,ub
has.vacc.roommate.binary,0.7640212748757811,0.6805856297153111,0.8576856209952413
has.prior.inf.roommate,0.8272379742011562,0.7588095742175079,0.9018371528405045
age,0.9942284894283018,0.9886592232305278,0.9998291281407431
age.roommate,1.0044165592217895,0.9990842063958436,1.009777372097928
risk,1.0768984212472246,1.0407870373293717,1.1142627339600102
risk.roommate,1.0861498959394953,1.0513780890579132,1.1220716968778237
time_since_inf,1.0021059749906691,1.00143489951751,1.0027775001608492
time_since_vacc,1.0016480602512239,1.000851582482656,1.0024451718568632
