x,point,lb,ub
dose.1,0.9199955467785244,0.8859995743187052,0.9552959511782545
dose.2,0.8463918060923161,0.8151156628208771,0.8788680209395487
dose.3,0.7786766924347631,0.7499027799046322,0.8085546654704397
dose.4,0.7163790894202128,0.6899072180290975,0.7438666915598041
has.prior.inf.roommate,0.8255841123376174,0.7573088773703089,0.9000147059031611
age,0.9942113927322087,0.9886432306723064,0.9998109153757507
age.roommate,1.0056365986112399,1.000246811690051,1.0110554281674229
risk,1.0770978723173972,1.040995452220696,1.1144523485436986
risk.roommate,1.0880286708331164,1.0531578754076172,1.1240540627365048
