x,point,lb,ub
dose.1,0.9233768683408244,0.8896511480198765,0.9583810945274686
dose.2,0.8526248409869082,0.8214832909744127,0.8849469337418255
dose.3,0.7872940555400846,0.7585386686142676,0.8171395283263418
dose.4,0.7269691194679504,0.7004170603404607,0.7545277386634759
has.prior.inf.roommate,0.841819603961203,0.773222644774742,0.9165021878269566
age,0.9947580785149769,0.9893048184864628,1.0002413980806357
age.roommate,1.0060591886257346,1.0007767762926787,1.0113694831805984
risk,1.074019032875256,1.0388267671908429,1.1104035046166532
risk.roommate,1.0787906704687757,1.0450469645002023,1.113623932917749
