x,point,lb,ub
dose.1,0.9192314909493642,0.884913221715547,0.9548806744178242
dose.2,0.8449865339529911,0.8134401001583875,0.8777563860238311
dose.3,0.7767382314377436,0.7477397560665948,0.8068613114150119
dose.4,0.7140022425618894,0.6873459308112099,0.7416923262813807
has.prior.inf.roommate,0.8230826770093111,0.7547493775482144,0.897602718658137
age,0.9908881437367162,0.9853337372801887,0.9964738608344175
age.roommate,1.0061454893967248,1.0007479529507575,1.0115721374682511
risk,1.0751706263528282,1.03928522956294,1.1122951071459688
risk.roommate,1.0861815390721843,1.0514245769220576,1.1220874627783002
