x,point,lb,ub
infvaccvacc,0.7450598478468681,0.6393024806156831,0.8683122523457018
infvaccinf,0.7853378295464536,0.6325124444143144,0.9750883353573061
infvaccboth,0.6348066169181513,0.540788540822161,0.7451700812121846
age,0.9947853723261975,0.9893303269913457,1.0002704961078466
age.roommate,1.0048943937092734,0.9996671313653253,1.0101489894232556
risk,1.074093575598545,1.0388841416598045,1.1104963131873982
risk.roommate,1.077104252006875,1.0434458874272075,1.1118483322138006
time_since_inf,1.0019317912675736,1.001288952952474,1.00257504229181
time_since_vacc,1.0016732350578035,1.000894155546072,1.0024529209921842
