x,point,lb,ub
infvaccvacc,0.7357747590330912,0.6292619905981092,0.8603165360673385
infvaccinf,0.7701805769337069,0.6169560381072394,0.9614593009021353
infvaccboth,0.6127936998981275,0.5201347180900987,0.7219593416369272
age,0.9908653192205154,0.9853094740959154,0.9964524919795895
age.roommate,1.0049301694404646,0.9995908618557721,1.0102979968992096
risk,1.0752420863665637,1.0393386847715311,1.1123857518572655
risk.roommate,1.0844943291435214,1.0498222681794742,1.120311490424005
time_since_inf,1.0020507490848773,1.0013854126558448,1.0027165275740382
time_since_vacc,1.0016005234979966,1.0008083866377548,1.0023932873322061
