x,point,lb,ub
"time_since_inf_cut2.roommate[0,182)",0.6200959615256023,0.5034614868657729,0.7637505778130699
"time_since_inf_cut2.roommate[182,365)",0.7457090797820148,0.6193146046067798,0.8978991090035919
"time_since_inf_cut2.roommate[365,Inf)",0.8840506636172893,0.808282414306567,0.966921415100519
has.vacc.roommate.binary,0.7678980033465214,0.6847329933684324,0.8611639124365861
age,0.9954502595876078,0.9900125980784514,1.0009177875477018
age.roommate,1.0046718163526163,0.9994623735353027,1.0099084120625104
risk,1.0757554796071342,1.0406515637182545,1.1120435429606372
risk.roommate,1.0776313754676845,1.0441028542678288,1.1122365738639048
