x,point,lb,ub
bivalent_timeMonovalent<90,0.7088584033959637,0.6223623285125617,0.8073757247904071
bivalent_timeMonovalent>=90,0.8185499173798085,0.7227875109430019,0.9269999233499882
bivalent_timeBivalent,0.490705834389907,0.29404694482819477,0.8188903851559637
has.prior.inf.roommate,0.8185784636403625,0.7507664921537406,0.8925154600514594
age,0.991265740561838,0.9857283743279971,0.9968342131588579
age.roommate,1.006047117711717,1.0006426868680076,1.0114807376687112
risk,1.0765623483160838,1.0407908634992156,1.113563281978901
risk.roommate,1.0869337261687135,1.0522555592425813,1.122754747842244
