x,point,lb,ub
bivalent_timeMonovalent<90,0.7081115559477235,0.622462016850239,0.8055463017711252
bivalent_timeMonovalent>=90,0.82699216253233,0.7311850094531945,0.9353529244279171
bivalent_timeBivalent,0.49281265189773715,0.2963064516769541,0.8196389531715677
has.prior.inf.roommate,0.8202750943308963,0.7525718372382253,0.894069106875934
age,0.9946383917156266,0.989086686502771,1.0002212584345371
age.roommate,1.0056683089566176,1.0002699392849417,1.0110958131588514
risk,1.0782177342732837,1.0422625316928311,1.1154132928612595
risk.roommate,1.0882210921252544,1.053443377326143,1.1241469364514776
