x,point,lb,ub
dose.1,0.9250144027194078,0.891311906472097,0.959991265712021
dose.2,0.8556516452383428,0.8244763508019834,0.8880057472684534
dose.3,0.7914900955560243,0.7626524991933737,0.8214181059209299
dose.4,0.7321397379990829,0.7054645460238222,0.7598235786313562
has.prior.inf.roommate,0.8391433987987936,0.7710309221770342,0.9132728967073912
age,0.9952313208377265,0.9898066349621436,1.0006857369816358
age.roommate,1.0059028353077195,1.0006436419064213,1.0111896700331353
risk,1.0758794304230237,1.0408230300627055,1.1121165802198227
risk.roommate,1.0796768349690793,1.0460775642727604,1.1143552904504284
