x,point,lb,ub
dose.1,0.9221420428288131,0.888168523389668,0.9574150904460983
dose.2,0.8503459471524966,0.8190175365347989,0.882872707339098
dose.3,0.7841397488184051,0.7552505042528215,0.8141340419034807
dose.4,0.7230882298386765,0.696448242839188,0.7507472285373542
has.prior.inf.roommate,0.8238769592961106,0.756028921872677,0.8978138592604231
age,0.9947370011855566,0.9891949153803372,1.000310137206052
age.roommate,1.0054753819996056,1.000108285184797,1.010871281423738
risk,1.07877339487682,1.0428322743737337,1.115953222864092
risk.roommate,1.088272725446076,1.0535853342473511,1.1241021362506767
