x,point,lb,ub
has.flu.roommateTRUE,1.0461332777362125,0.9554548732309813,1.1454176073081175
flu.twoyearsTRUE,1.0065114672487665,0.9292996196661693,1.0901385433335125
flu.oneyearTRUE,0.9939532941159889,0.9181408974139332,1.0760256445026026
time_since_flu,1.0008359923152967,0.9979364194475137,1.0037439900913725
