x,point,lb,ub
has.flu.roommateTRUE,1.0234513170798163,0.933606082342916,1.121942774626953
age,0.9946520112152744,0.9891227541305619,1.0002121771874641
age.roommate,1.0039811613661047,0.9986876769666109,1.009302703563581
risk,1.0814022453816108,1.045452626395573,1.1185880515200946
risk.roommate,1.0828411856141078,1.0484314606375273,1.1183802444741298
