x,point,lb,ub
has.flu.roommateTRUE,1.0234513170798163,0.933606082342916,1.121942774626953
flu.twoyearsTRUE,0.990403109513201,0.9134541972849306,1.0738341585696927
flu.oneyearTRUE,0.9739569049166452,0.8986417077935529,1.0555842716936676
time_since_flu,1.0009294140571443,0.9979833894561448,1.0038841352567456
