x,point,lb,ub
infvaccvacc,0.7519740674511347,0.6455936412915325,0.875883778823737
infvaccinf,0.7870111648540006,0.6342559861873999,0.976556133633155
infvaccboth,0.6382251308793397,0.543979038076224,0.7487996580281349
age,0.9952588659391662,0.9898322533825883,1.0007152291163555
age.roommate,1.004767336441712,0.9995634573320383,1.0099983077360686
risk,1.0759750850361953,1.0409043586822873,1.1122274337329547
risk.roommate,1.0780191997539454,1.0445093920163722,1.1126040645692163
