x,point,lb,ub
infvaccvacc,0.7438427184977547,0.637924203529856,0.8673475419188018
infvaccinf,0.7706623748015029,0.6194370031838417,0.9588069373996106
infvaccboth,0.6201608183895119,0.5278540331397713,0.7286094573870774
age,0.9947372921538937,0.9891931191488024,1.0003125388226766
age.roommate,1.0042825266121251,0.9989729858216672,1.0096202876085403
risk,1.0786867404997973,1.0427323660610475,1.1158808549555996
risk.roommate,1.0866663780847217,1.0520657597987384,1.1224049506997207
