point,lb,ub,x
25.54758755598089,35.484502933122364,14.080151734889112,bivalent_timeMonovalent<90
14.17627938464473,25.16773418854392,1.5703862446065364,bivalent_timeMonovalent>=90
49.03622303216439,71.07281839083154,10.212249574840138,bivalent_timeBivalent
18.638367872934612,25.91619703028535,10.645580855426006,has.prior.inf.roommate
0.6705477072883714,1.336052364559115,5.541109526219223e-4,age
-0.7721475325428884,-0.12837543767261206,-1.4200587389120223,age.roommate
-13.220927447317464,-8.559484561551823,-18.082528337379202,risk
-11.926382202519337,-7.574765482746049,-16.45403061514208,risk.roommate
