point,lb,ub,x
19.706994720743676,29.3869491069371,8.700068680816031,has.vacc.roommate.binary
18.71300338917672,25.96650998785728,10.748827092654366,has.prior.inf.roommate
0.40265422429189845,1.1011589925837617,-0.30078395784343126,age
-1.0306818373009285,-0.35537063470039154,-1.710537342986318,age.roommate
-13.097966076544632,-8.311072292222788,-18.09642043004407,risk
-12.755649972997407,-8.20067899055077,-17.50237354742865,risk.roommate
