point,lb,ub,x
6.158338772649897,10.01812405195115,2.1329874585739095,dose.1
11.937426180912558,15.559512806817565,8.159969637546682,dose.2
17.360617808606847,20.75964406944979,13.815789836171078,dose.3
22.44983092357775,25.639533632306634,19.12330546659222,dose.4
18.93894772433562,26.173547581798708,10.995395541747655,has.prior.inf.roommate
0.39558588773821457,1.0939821599353916,-0.30774190797664414,age
-1.124309975076887,-0.4430830809408759,-1.8101570985712634,age.roommate
-13.086360884218639,-8.300043239838129,-18.084209714622524,risk
-12.859954691071774,-8.300886443018207,-17.610942912941518,risk.roommate
