x,point,lb,ub,label,n
has.vacc.roommate.binary,0.7550079911111864,0.5481513508513854,1.0399264103908001,no_immunity,825
has.prior.inf.roommate,0.8349258003882647,0.5808014307199583,1.200239970638264,no_immunity,825
has.vacc.roommate.binary,0.7551982735093634,0.6392043766993654,0.8922411252195821,vacc_immunity,6264
has.prior.inf.roommate,0.79460744496816,0.7037224027516861,0.8972301991949263,vacc_immunity,6264
has.vacc.roommate.binary,0.9786520146864393,0.6288212791920665,1.5231033006395593,inf_immunity,549
has.prior.inf.roommate,0.8201881248911083,0.5543879686649916,1.2134256120895364,inf_immunity,549
has.vacc.roommate.binary,0.7523039938879439,0.6138339613957319,0.9220104047890608,hybrid_immunity,4917
has.prior.inf.roommate,0.8787177318076954,0.7652298335954302,1.009036525099055,hybrid_immunity,4917
