x,point,lb,ub
has.vacc.roommate.binary,0.7749550656797308,0.6944411380958236,0.8648038269584878
has.prior.inf.roommate,0.8409602980530393,0.775267303033524,0.9122198500236187
age,0.9947100995243814,0.9894835587465098,0.9999642473587435
age.roommate,1.005411578672994,1.000404013214449,1.010444209716533
risk,1.0802060987723436,1.0461467563081737,1.1153743093777155
risk.roommate,1.074929784520152,1.0427948665843283,1.1080549767504058
