x,point,lb,ub
bivalent_timeMonovalent<90,0.7102970106834389,0.6272844222561742,0.8042951896863614
bivalent_timeMonovalent>=90,0.805796325010596,0.7159555592437664,0.906910644127714
bivalent_timeBivalent,0.5272070415794997,0.32662289018986773,0.8509730121163155
has.prior.inf.roommate,0.8231999850700414,0.7579340417994523,0.8940859996345478
age,0.9936499619630054,0.988311807480892,0.9990169493428532
age.roommate,1.0060003801981534,1.000812295273496,1.0112153595018196
risk,1.0814640903635813,1.0466767098710346,1.1174076653430411
risk.roommate,1.0870587431655536,1.0535597308245668,1.1216228909658685
