x,point,lb,ub
bivalent_timeMonovalent<90,0.6986116257112942,0.6158819668626527,0.7924541224435929
bivalent_timeMonovalent>=90,0.7999770804963823,0.7092613185442522,0.9022955469121453
bivalent_timeBivalent,0.5023528075412903,0.3095936448286692,0.8151276599501037
has.prior.inf.roommate,0.8255896181977058,0.7600464828568008,0.8967849112516091
age,0.9924434975266265,0.9869440519414631,0.9979735870998506
age.roommate,1.008885761909702,1.0034839008500893,1.0143167017645827
risk,1.0752120406544345,1.040012811178426,1.1116025879126739
risk.roommate,1.0905188391768532,1.0560501771958888,1.1261125316577059
