x,point,lb,ub
dose.1,0.9243175722949889,0.891859343182021,0.9579570825653543
dose.2,0.8543629744533019,0.824361262918609,0.8854565649195985
dose.3,0.7897027104054016,0.7619716012349597,0.8184430624591434
dose.4,0.7299360921166934,0.7043037406112233,0.7565013045539114
has.prior.inf.roommate,0.8395808657322916,0.7740104187794217,0.9107061261725293
age,0.9946694504202316,0.9894440967020517,0.9999223997565683
age.roommate,1.0064485483135461,1.0013921833736115,1.0115304445356599
risk,1.0802552672984478,1.0461997763522326,1.1154193194294413
risk.roommate,1.07713011454142,1.0448684750478938,1.1103878730754435
