x,point,lb,ub
dose.1,0.9197073403626923,0.8870050962146026,0.9536152560191931
dose.2,0.8458615919170172,0.815785097927686,0.8770469508426999
dose.3,0.7779451150169528,0.7502835427225907,0.8066265185327485
dose.4,0.7154818326803905,0.6900412815952922,0.7418603300257721
has.prior.inf.roommate,0.8255553091093503,0.7602158707702165,0.8965105762763512
age,0.9937570220148396,0.9884250550013645,0.9991177518283761
age.roommate,1.0060407256572859,1.0008808034936454,1.0112272491870848
risk,1.0823879253201523,1.0475898497577498,1.1183418979763713
risk.roommate,1.0871982709060943,1.0538047331264666,1.1216500012809771
