x,point,lb,ub
infvaccvacc,0.7054392607302948,0.6066253415669487,0.8203490960240137
infvaccinf,0.73181501257594606,0.5915899599697765,0.9052777242177888
infvaccboth,0.5963312865735441,0.5095095888219229,0.6979476169794852
age,0.992562489023611,0.9870690744054827,0.9980864765823259
age.roommate,1.0077477556964012,1.0024259528911719,1.0130978115461733
risk,1.0760654088278379,1.040841382282948,1.1124814825637355
risk.roommate,1.0888068808753322,1.0545150059261008,1.1242138966058
