x,point,lb,ub
infvaccvacc,0.7303387124004721,0.6299464698352145,0.8467300959243543
infvaccinf,0.7612344642414345,0.6172236199712982,0.9388459721873419
infvaccboth,0.6112402905329388,0.5235189652104258,0.7136602828144324
age,0.9937565069838094,0.9884224991610867,0.9991192997031496
age.roommate,1.0049240947772182,0.9998147574111379,1.0100595423083336
risk,1.082230718465095,1.0474226735542136,1.1181955074689858
risk.roommate,1.0851737337195169,1.0518929977828178,1.119507435487173
