x,point,lb,ub
dose.1,0.9173980895165096,0.8842885274113663,0.9517473410090109
dose.2,0.8416192546485418,0.8112446056285552,0.87313119234408465
dose.3,0.7720998963148811,0.7442342513342108,0.8010088877537354
dose.4,0.7083229697951671,0.6827590803267548,0.734844023311021
has.prior.inf.roommate,0.8274621052530172,0.7618926843401964,0.8986745111258077
age,0.9926281084862338,0.9871375036783632,0.9981492528501885
age.roommate,1.0088331510978783,1.0034553214667656,1.0142398021931087
risk,1.0763162780203435,1.0411064902694835,1.1127168461236914
risk.roommate,1.0909572988310192,1.0565642128107082,1.1264699423298612
