point,lb,ub,x
7.580440803240862,11.236776132082483,3.773493684353979,dose.1
14.58625077876733,17.96541977243813,11.067887032638346,dose.2
21.060989476311466,24.184002564775586,17.809333211200485,dose.3
27.044914439723744,29.931189369739375,24.039748052914376,dose.4
18.342297196621328,25.379902023952617,10.640958562325942,has.prior.inf.roommate
0.8758921330539904,1.515508354152284,0.23212186796913725,age
-0.6744858867433035,-0.057664239773780324,-1.2951100304736896,age.roommate
-13.896433732026914,-9.349089498153429,-18.632881868605434,risk
-11.48518359577615,-7.340775372925212,-15.789606682111735,risk.roommate
