point,lb,ub,x
22.128181509547595,31.21329282371631,11.84313999114176,has.vacc.roommate.binary
18.143334976121007,25.19792285653709,10.42342853687579,has.prior.inf.roommate
0.8736469376841804,1.5132275284393981,0.2299128619298707,age
-0.5629619198754598,0.048370697481792124,-1.1780336215442944,age.roommate
-13.870461196411288,-9.324092965591891,-18.605895382680337,risk
-11.285458304976249,-7.1512522309381765,-15.579174039487341,risk.roommate
