point,lb,ub,x
8.260191048349041,11.571147258863368,4.825265899098907,dose.1
15.838074535145818,18.875539437144482,12.686880765591535,dose.2
22.790010368511894,25.576574866578916,19.899111224626466,dose.3
29.167703020483295,31.72409196732452,26.515597668897893,dose.4
17.253789474698277,23.810731565980358,10.132548887419235,has.prior.inf.roommate
0.737189151376616,1.286249632163683,0.18507471498114825,age
-0.88331510978783,-0.34553214667656373,-1.423980219310872,age.roommate
-7.631627802034346,-4.110649026948354,-11.271684612369137,risk
-9.09572988310192,-5.6564212810708225,-12.64699423298612,risk.roommate
