point,lb,ub,x
24.742440297686297,32.760175261508586,15.76866366956593,has.vacc.roommate.binary
16.981589323072686,23.56182607059002,9.834888027444045,has.prior.inf.roommate
0.7443937558133551,1.293643041523762,0.192088184903616,age
-0.7728682464413161,-0.24073709673848587,-1.3078242313228072,age.roommate
-7.603630952036622,-4.082467648455856,-11.243917017506178,risk
-8.882076859422705,-5.453738295518962,-12.421871930214934,risk.roommate
