point,lb,ub,x
27.128208959383215,36.57670222234274,16.272125298756922,bivalent_timeMonovalent<90
17.864053611570153,28.05226673834055,6.233130867541947,bivalent_timeMonovalent>=90
41.66084843727204,65.723540230401,0.7057138357798087,bivalent_timeBivalent
18.360109851557304,25.40322443685613,10.65201393580325,has.prior.inf.roommate
0.8767295471635794,1.5169530196087022,0.2323440782404984,age
-0.6596870542843636,-0.04104824954149766,-1.2821514284053093,age.roommate
-13.77579306459451,-9.229219468962246,-18.511613929052785,risk
-11.399711619026952,-7.248174905375393,-15.711952765178205,risk.roommate
