point,lb,ub,x
30.13883742887058,38.41180331373473,20.754587755640706,bivalent_timeMonovalent<90
20.002291950361773,29.073868145574778,9.770445308785469,bivalent_timeMonovalent>=90
49.76471924587097,69.04063551713308,18.487234004989627,bivalent_timeBivalent
17.44103818022942,23.995351714319924,10.321508874839092,has.prior.inf.roommate
0.7556502473373472,1.3055948058536937,0.2026412900149377,age
-0.8885761909702028,-0.34839008500893165,-1.4316701764582662,age.roommate
-7.521204065443454,-4.001281117842592,-11.160258791267385,risk
-9.051883917685322,-5.605017719588878,-12.611253165770586,risk.roommate
