x,point,lb,ub
has.vacc.roommate.binary,0.7764692035233924,0.6946102262338191,0.8679751625443279
has.prior.inf.roommate,0.8322939984557484,0.7650702216992231,0.9054244698309379
age,0.9952814798748332,0.9898844182258262,1.000707967458734
age.roommate,1.0028224403225345,0.997620307903443,1.0080516994766087
risk,1.080265787258797,1.0452491456502047,1.1164555130020644
risk.roommate,1.0868231463619598,1.0533958301793398,1.121311208595741
