x,point,lb,ub
has.vacc.roommate.binary,0.7845363682038357,0.7026141261338383,0.8760104446252203
has.prior.inf.roommate,0.8467727739443864,0.77946798132002,0.9198891396144313
age,0.9957696070458422,0.9904913170928401,1.0010760248020336
age.roommate,1.003463875678574,0.9983809330032725,1.0085726965586634
risk,1.0781565572283947,1.0440292399493731,1.113399431179679
risk.roommate,1.0789892224577398,1.0466382959172944,1.11234009563888
