x,point,lb,ub
bivalent_timeMonovalent<90,0.7127406401237244,0.6292395523102976,0.8073224548883191
bivalent_timeMonovalent>=90,0.8348207491323223,0.7409704886220965,0.9405579491807426
bivalent_timeBivalent,0.5451308840094324,0.3298231138028666,0.900991071470269
has.prior.inf.roommate,0.8279274313898094,0.760940435352159,0.9008114167707473
age,0.9953054308519204,0.989902689044215,1.000737660021731
age.roommate,1.0041097343047278,0.9988317927449628,1.0094155651120222
risk,1.0804095451840263,1.0453638808611274,1.116630110046651
risk.roommate,1.0880368342711455,1.0544456347747506,1.1226981398464067
