x,point,lb,ub
bivalent_timeMonovalent<90,0.7116230061143962,0.6274293875275443,0.8071144146225675
bivalent_timeMonovalent>=90,0.8216070874704329,0.7283524052804285,0.9268016433909432
bivalent_timeBivalent,0.5454072388925255,0.3289008308622795,0.9044338849996019
has.prior.inf.roommate,0.8289553195758266,0.7617175695725426,0.902128228758964
age,0.991776744907143,0.9863708762859377,0.9972122407367872
age.roommate,1.00435624053218,0.9990791220836045,1.0096612326281018
risk,1.0834700929052865,1.0482562543856038,1.1198668620472312
risk.roommate,1.0833917370152875,1.050011263014155,1.1178333958663251
