x,point,lb,ub
bivalent_timeMonovalent<90,0.7120950182613088,0.62318448870983,0.813690526993656
bivalent_timeMonovalent>=90,0.8246810220371874,0.7256115024640734,0.9372767463012665
bivalent_timeBivalent,0.4820602653343626,0.2855214048192924,0.8138867891929558
has.prior.inf.roommate,0.8602585306634237,0.7870153886543348,0.9403180042572558
age,0.9952659054096339,0.9895316412784959,1.0010333991857412
age.roommate,1.0057563511705956,1.0001861972442803,1.011357525935679
risk,1.090987121482663,1.0532177959412516,1.1301108885815094
risk.roommate,1.0894222516206378,1.0534319429795347,1.126642162539054
