x,point,lb,ub
dose.1,0.9285218633562499,0.8954476252867027,0.9628177309136531
dose.2,0.8621528507305622,0.8314426975691381,0.8939973135803815
dose.3,0.8005277714582444,0.7720127228208431,0.8300960514411374
dose.4,0.7433075380228351,0.7168306919283411,0.7707623324487903
has.prior.inf.roommate,0.8302006645721043,0.7631646512390595,0.903125088848046
age,0.995305445653484,0.98991032570093,1.0007299696020837
age.roommate,1.0038620792913737,0.9986092869422573,1.009142501893707
risk,1.08052602373018,1.0455156569402502,1.1167087553475792
risk.roommate,1.0886168328051091,1.0551013684825015,1.1231969212314423
