x,point,lb,ub
dose.1,0.9248450239474146,0.8896277451747068,0.9614564327153724
dose.2,0.8553383183202939,0.8227677932903862,0.8891981975390444
dose.3,0.7910553874900735,0.7609326994888087,0.8223705282969954
dose.4,0.7316036387869884,0.7037448206810981,0.7605652909364827
has.prior.inf.roommate,0.8631312984716903,0.7898027693877601,0.9432679490082473
age,0.9953569050891169,0.9896316725102708,1.001115259372727
age.roommate,1.0055509221501602,1.0000200669068298,1.0111123671393716
risk,1.0914632221531886,1.0537144437055044,1.1305643311898712
risk.roommate,1.0891596144161513,1.0532578597665383,1.126285130156146
