x,point,lb,ub
dose.1,0.9303587467766029,0.8975956908423026,0.9643176839357191
dose.2,0.865567397703731,0.8350860020441238,0.8971613919209519
dose.3,0.8052881993783286,0.7769295663124546,0.8346819482439294
dose.4,0.7492069199676089,0.7228232176481448,0.7765536513252754
has.prior.inf.roommate,0.8446495527866784,0.777534125119948,0.9175582704008991
age,0.9957666083189634,0.9904902305676814,1.0010710935278608
age.roommate,1.0044709174318558,0.9993381510324935,1.00963004657028
risk,1.0783325579422103,1.0442106957544994,1.113569426405849
risk.roommate,1.0806736655492617,1.0482397912026213,1.114111085281187
