x,point,lb,ub
dose.1,0.9279435097902616,0.8945115432667213,0.962624981022874
dose.2,0.8610791573618692,0.8300561810068248,0.8932616035021496
dose.3,0.7990328154896139,0.7702452459265736,0.8288963075146617
dose.4,0.7414573152430268,0.7147440769043679,0.7691689488473432
has.prior.inf.roommate,0.8303129046164768,0.763075281443551,0.9034751044070488
age,0.9917927838104443,0.9863937939983781,0.997221324792812
age.roommate,1.0042100569979318,0.9989594394479238,1.0094882722496759
risk,1.0838145488836513,1.0486239255889462,1.120186129371541
risk.roommate,1.0841040848436232,1.0507873859131218,1.1184771367933046
