x,point,lb,ub
infvaccvacc,0.7150259518842701,0.6161732605300807,0.8297375829457102
infvaccinf,0.7170162708049805,0.5778105814332055,0.8897592898417908
infvaccboth,0.6078493297716683,0.5196551687456458,0.7110115128763689
age,0.9916788843722086,0.9862756240362206,0.9971117461923528
age.roommate,1.003182111229127,0.9979810759221439,1.0084102520283054
risk,1.0840803098563445,1.0488549942293284,1.1204886516098032
risk.roommate,1.0828407753939273,1.049577838768408,1.1171578719989026
