x,point,lb,ub
infvaccvacc,0.7244634101063492,0.6256992549600597,0.8388170969077196
infvaccinf,0.7217042603532338,0.5829283744094654,0.8935180757664464
infvaccboth,0.6151975652344552,0.526922561447258,0.7182612246302237
age,0.9952018168152446,0.9898025755327211,1.0006305102401927
age.roommate,1.002817886327484,0.9976153763201863,1.0080475271419227
risk,1.0806646712911965,1.0456263491860864,1.116877106899564
risk.roommate,1.0872538811709698,1.0537960682251009,1.121773972939919
