point,lb,ub,x
6.897171247998335,10.585358611449735,3.0568530274895034,dose.1
13.318632783754525,16.752439548801647,9.743187887382266,dose.2
19.297195120765267,22.494166352901736,15.96835478177362,dose.3
24.863405775224034,27.839876426730815,21.764161254985094,dose.4
17.52431094863951,24.748080813363483,9.607098954830818,has.prior.inf.roommate
0.5153278885885904,1.1591865306317506,-0.13272491107410023,age
-0.5085511495505957,0.1134521308665315,-1.1344277050893803,age.roommate
-12.746905134369557,-8.284086200954066,-17.393654629802178,risk
-12.142190695373456,-7.9200320100568655,-16.529533022984854,risk.roommate
