point,lb,ub,x
28.837699388560377,37.257061247245574,19.28855853774325,bivalent_timeMonovalent<90
17.839291252956713,27.164759471957144,7.3198356609056825,bivalent_timeMonovalent>=90
45.459276110747446,67.10991691377205,9.556611500039814,bivalent_timeBivalent
17.10446804241734,23.828243042745743,9.787177124103597,has.prior.inf.roommate
0.822325509285704,1.362912371406233,0.2787759263212841,age
-0.4356240532179978,0.092087791639550165,-0.9661232628101812,age.roommate
-8.34700929052865,-4.825625438560377,-11.986686204723117,risk
-8.339173701528747,-5.001126301415493,-11.783339586632513,risk.roommate
