point,lb,ub,x
27.143900346950446,36.58921677242171,16.291662293384924,bivalent_timeMonovalent<90
15.365402383498905,25.859127083643408,3.3864205808833536,bivalent_timeMonovalent>=90
41.338930389834246,66.3269706302972,-2.1922040345098814,bivalent_timeBivalent
17.54783306097559,24.77797470382367,9.622749371967243,has.prior.inf.roommate
0.507811411361192,1.1525744218759515,-0.14115726599108758,age
-0.5244654268722782,0.09982498123054517,-1.1526571145632047,age.roommate
-12.702251061840286,-8.235508298646144,-17.35333065890874,risk
-12.044922903349264,-7.816705718209671,-16.43895688325754,risk.roommate
