point,lb,ub,x
23.066453318048307,31.260340023318744,13.895841104365658,has.vacc.roommate.binary
16.75624669208706,23.49897699343597,9.419218299942322,has.prior.inf.roommate
0.8243780221549257,1.3645052537069047,0.2812930579224826,age
-0.31702305585388224,0.20301941060014705,-0.8397754656881418,age.roommate
-8.36112119101713,-4.841251072578823,-11.999165077165408,risk
-8.242333800630375,-4.919086416373419,-11.670842997148467,risk.roommate
