x,point,lb,ub
has.vacc.roommate.binary,0.7693354668195169,0.6873965997668126,0.8610415889563434
has.prior.inf.roommate,0.8324375330791294,0.7650102300656403,0.9058078170005768
age,0.9917562197784507,0.986354947462931,0.9971870694207752
age.roommate,1.0031702305585388,0.9979698058939985,1.0083977546568814
risk,1.0836112119101713,1.0484125107257882,1.119991650771654
risk.roommate,1.0824233380063037,1.0491908641637342,1.1167084299714847
