point,lb,ub,x
7.205649020973837,10.548845673327866,3.737501897712603,dose.1
13.892084263813075,16.994381899317524,10.673839649785045,dose.2
20.09671845103861,22.97547540734264,17.11036924853383,dose.3
25.854268475697317,28.52559230956321,23.083105115265678,dose.4
16.96870953835232,23.692471855644904,9.65248955929512,has.prior.inf.roommate
0.8207216189555666,1.3606206001621879,0.2778675207187997,age
-0.4210056997931755,0.10405605520762418,-0.9488272249675855,age.roommate
-8.381454888365125,-4.862392558894624,-12.018612937154094,risk
-8.41040848436232,-5.078738591312182,-11.847713679330463,risk.roommate
