x,point,lb,ub
has.vacc.roommate.binary,0.7837165251037427,0.6987294058522091,0.879040708143031
has.prior.inf.roommate,0.8331779747558145,0.7658710135151324,0.9064000665491755
age,0.9963255050737019,0.990764104811277,1.0019181228305118
age.roommate,1.0061637409911344,1.0007666814581728,1.0115899064607163
risk,1.0719838358498965,1.0364116139575081,1.1087769847883737
risk.roommate,1.0877569538953527,1.0528960070533362,1.1237721321206975
