x,point,lb,ub
bivalent_timeMonovalent<90,0.7028046161573652,0.6169989726051034,0.8005431944345123
bivalent_timeMonovalent>=90,0.8218437527919309,0.7250953035122808,0.9315012119530091
bivalent_timeBivalent,0.47317120393480355,0.2820171345419125,0.7938914371170501
has.prior.inf.roommate,0.8233496635190924,0.7555359544196287,0.8972500440931908
age,0.9929629746475294,0.9872554830521078,0.9987034622210651
age.roommate,1.0085157935741735,1.0029083764218183,1.014154562670395
risk,1.0716518948728728,1.0354799079968524,1.1090874626493574
risk.roommate,1.0933308595572377,1.0574363218226042,1.1304438326837654
