x,point,lb,ub
bivalent_timeMonovalent<90,0.7023552561699342,0.6170821125202038,0.7994120974514274
bivalent_timeMonovalent>=90,0.8249310287678183,0.7286233906499372,0.9339683723533913
bivalent_timeBivalent,0.46284171354256737,0.27746672263705274,0.7720653841262219
has.prior.inf.roommate,0.8269527674176486,0.7591079740854279,0.9008611460887498
age,0.9958513828194673,0.990162698768228,1.0015727495058686
age.roommate,1.0074542836503475,1.0018555456638953,1.013084309447878
risk,1.0742883990426735,1.037869552705827,1.11198518282845
risk.roommate,1.0968230063495075,1.0608084755284057,1.1340602333124532
