x,point,lb,ub
dose.1,0.9274508723931736,0.8934686827440828,0.962725540710683
dose.2,0.8601651207028588,0.8286483092669792,0.8928806426073127
dose.3,0.7977608915980459,0.7685305973367882,0.8281029309291296
dose.4,0.7398840348737635,0.712774372960851,0.7680247857215652
has.prior.inf.roommate,0.8308400298164497,0.7637212134469017,0.903857511080373
age,0.9963522794621942,0.9907917775102771,1.00194398795282
age.roommate,1.0072158944926122,1.0017630980967291,1.0126983715471174
risk,1.0719719930674785,1.0364077356929677,1.1087566353918898
risk.roommate,1.0893578211618211,1.0544011706609795,1.1254733924304305
