x,point,lb,ub
dose.1,0.9225595783861817,0.8883892887749586,0.9580441664776636
dose.2,0.8511161756720895,0.8195920476950257,0.8838528223009742
dose.3,0.7852053801857023,0.7561224939701903,0.8154068870974236
dose.4,0.7243987444906831,0.697568049245447,0.7522614339737881
has.prior.inf.roommate,0.8302893283887128,0.7623246762092785,0.904313333085556
age,0.9960412272398657,0.9903654976556373,1.0017494841146646
age.roommate,1.0071467489637322,1.0015774631486563,1.012747002872272
risk,1.0747382058411865,1.0383513999040523,1.1124001096367424
risk.roommate,1.096840411427199,1.0608899394238158,1.1340091402819648
