x,point,lb,ub
infvaccvacc,0.7368177611484322,0.6320378427957996,0.8589682078881308
infvaccinf,0.7386380262503348,0.5951068329606034,0.9167868752384306
infvaccboth,0.6245347634233235,0.5319906844185982,0.7331776328950148
age,0.9963278551657839,0.9907653884376788,1.0019215513216249
age.roommate,1.006165637541683,1.0007681507629762,1.0115922348226618
risk,1.0720171411250308,1.0364335950296817,1.108822365829402
risk.roommate,1.087899202458053,1.0530273822695373,1.12392583007488
