x,point,lb,ub
infvaccvacc,0.728598747228131,0.6243498389419517,0.8502542987149834
infvaccinf,0.7559404627375554,0.6074882386681494,0.9406700357799543
infvaccboth,0.6153310804126912,0.5235068010634517,0.7232615464645276
age,0.9959852463813772,0.9903067782096788,1.0016962751711451
age.roommate,1.0060298894199564,1.0005176344965339,1.0115725135775566
risk,1.074635633331394,1.038231144166216,1.1123166078330258
risk.roommate,1.0954028989736182,1.0595339512102264,1.1324861366728667
