point,lb,ub,x
23.621999670577654,32.046427002474076,14.153168450264841,has.vacc.roommate.binary
17.08600132638105,23.900833111045895,9.660887798145378,has.prior.inf.roommate
0.6956353019531347,1.2652951279990998,0.12268876615468827,age
-0.7138592384167586,-0.16170284888790132,-1.2690594727468252,age.roommate
-7.22384501486506,-3.608098590473663,-10.96577483981449,risk
-9.223166363349211,-5.647221317781437,-12.920149925684576,risk.roommate
