point,lb,ub,x
29.719538384263476,38.30010273948966,19.945680556548773,bivalent_timeMonovalent<90
17.81562472080691,27.49046964877192,6.849878804699094,bivalent_timeMonovalent>=90
52.68287960651965,71.79828654580875,20.610856288294986,bivalent_timeBivalent
17.665033648090755,24.446404558037127,10.274995590680923,has.prior.inf.roommate
0.7037025352470638,1.2744516947892248,0.1296537778934903,age
-0.8515793574173536,-0.2908376421818293,-1.4154562670394943,age.roommate
-7.165189487287282,-3.547990799685241,-10.908746264935743,risk
-9.333085955723774,-5.743632182260416,-13.044383268376535,risk.roommate
