point,lb,ub,x
7.801010205585623,11.239197546292978,4.229643219550416,dose.1
14.99346280889473,18.163436804266354,11.700698525919051,dose.2
21.624831450587788,24.547515451066072,18.588936045372918,dose.3
27.73888634777237,30.43357147109632,24.939821452949207,dose.4
17.36343783084129,24.15552332495945,9.963102041094253,has.prior.inf.roommate
0.6873001039985782,1.2567775919335333,0.11453829333892829,age
-0.8260546835548777,-0.26782121266613057,-1.3873960768483684,age.roommate
-7.226830207655488,-3.6119719038428366,-10.967805217062443,risk
-9.374588570945086,-5.790516265735279,-13.080085506097184,risk.roommate
