point,lb,ub,x
27.451434865535983,40.29950997460462,11.838340006410863,"time_since_vacc_cut2.roommate[0,30)"
23.99033062050282,35.449988672157275,10.496222691002966,"time_since_vacc_cut2.roommate[30,60)"
11.827617884560294,26.479818369780574,-5.744692076706848,"time_since_vacc_cut2.roommate[60,90)"
6.1561520535098335,20.551885820713935,-10.848040741791042,"time_since_vacc_cut2.roommate[90,182)"
17.021137165907373,28.494004331736,3.7074917579939526,"time_since_vacc_cut2.roommate[182,365)"
19.660907429239792,35.61566336426779,-0.24751565912868312,"time_since_vacc_cut2.roommate[365,Inf)"
