point,lb,ub,x
7.724126922647756,11.137943847878272,4.1791612652852805,dose.1
14.8516324781238,18.00176185114267,11.580484467500273,dose.2
21.428600458076097,24.33540984009539,18.410120071620806,dose.3
27.497555083594982,30.179838819547665,24.71222595332472,dose.4
17.363993992510284,24.1689302067296,9.948395723728954,has.prior.inf.roommate
0.6396296415416836,1.1894957432126207,0.08670361489576672,age
-0.5624405109427855,-0.027382129028752367,-1.1003609838759365,age.roommate
-7.443464010381695,-3.888197081729805,-11.12039945662293,risk
-8.987974136857835,-5.534433060223609,-12.554529948324555,risk.roommate
