x,point,lb,ub
dose.1,0.9206731517448825,0.8863916710896032,0.9562804796009524
dose.2,0.8476390523438554,0.8160770135024782,0.8804217631063166
dose.3,0.7803985178634627,0.7513401960878776,0.8105806795038788
dose.4,0.7184919630583892,0.6917387463648442,0.7462798689423445
has.prior.inf.roommate,0.8214712387295279,0.7535468087706143,0.8955183516213975
age,0.9913775885354605,0.9858491321382252,0.9969370474757219
age.roommate,1.005972966538622,1.0005969137113664,1.0113779040682038
risk,1.0772728078671423,1.0415099829240853,1.1142636379842996
risk.roommate,1.087176454645275,1.0525762540272223,1.1229140302309168
