point,lb,ub,x
29.114159660403626,37.76376714874383,19.262427520959292,bivalent_timeMonovalent<90
18.145008262019147,27.721248905699813,7.300007665001185,bivalent_timeMonovalent>=90
50.9294165610093,70.59530551718052,18.11096148440363,bivalent_timeBivalent
18.142153635963755,24.923350784625942,10.748453994854057,has.prior.inf.roommate
0.8734259438161973,1.4271625672002908,0.3165786841142104,age
-0.6047117711716954,-0.06426868680076137,-1.148073766871116,age.roommate
-7.656234831608377,-4.079086349921557,-11.356328197890097,risk
-8.693372616871354,-5.2255559242581295,-12.275474784224393,risk.roommate
