point,lb,ub,x
7.932684825511749,11.360832891039685,4.371952039904759,dose.1
15.23609476561446,18.39229864975218,11.957823689368341,dose.2
21.96014821365373,24.86598039121224,18.94193204961212,dose.3
28.150803694161077,30.826125363515576,25.372013105765546,dose.4
17.852876127047214,24.64531912293857,10.448164837860253,has.prior.inf.roommate
0.8622411464539459,1.4150867861774774,0.30629525242781286,age
-0.5972966538621893,-0.05969137113663869,-1.1377904068203826,age.roommate
-7.72728078671423,-4.150998292408525,-11.42636379842996,risk
-8.71764546452749,-5.2576254027222324,-12.291403023091686,risk.roommate
