point,lb,ub,x
28.508195698752647,37.184020908477024,18.634109407082555,bivalent_timeMonovalent<90
18.14870867439664,27.667239534063803,7.377599741629348,bivalent_timeMonovalent>=90
51.442976376211945,70.70671863739464,19.51108126073695,bivalent_timeBivalent
17.682852222475777,24.47438044234285,10.280605999480786,has.prior.inf.roommate
0.654512398336593,1.2054640125001348,0.1004882693005027,age
-0.568415702897096,-0.030738438403354884,-1.1089830474328988,age.roommate
-7.387358210507111,-3.830711455306912,-11.06583535638823,risk
-8.983113393803777,-5.521110488196479,-12.558699866367352,risk.roommate
