point,lb,ub,x
23.37985001741697,31.798417452738448,13.922123738326098,has.vacc.roommate.binary
17.668059978950424,24.476098235835163,10.246316870693729,has.prior.inf.roommate
0.8638590898768728,1.4168217813485429,0.30779477656986964,age
-0.47872576089202923,0.05301095232156383,-1.0132914130749127,age.roommate
-7.733092957805043,-4.155665023703614,-11.43339457929331,risk
-8.537337862362504,-5.087533830876301,-12.10039174777342,risk.roommate
