point,lb,ub,x
23.099148979262708,31.502921988579434,13.664333437294495,has.vacc.roommate.binary
17.204489562236212,24.02272644679516,9.774380837061603,has.prior.inf.roommate
0.6393992239833612,1.1894248213785374,0.08631192841221935,age
-0.4482587331163801,0.08104514788156436,-0.9803665125223349,age.roommate
-7.453465356984279,-3.8970559427601303,-11.131611116928841,risk
-8.81801928584094,-5.374168865467133,-12.374422012397602,risk.roommate
