x,point,lb,ub
"time_since_vacc_cut2.roommate[0,30)",0.6787658074799504,0.5720074376892139,0.8054493544089747
"time_since_vacc_cut2.roommate[30,60)",0.7170228291895406,0.6188490802567995,0.8307707872259122
"time_since_vacc_cut2.roommate[60,90)",0.811331007613149,0.6891027558505803,0.955239256157175
"time_since_vacc_cut2.roommate[90,182)",0.9132385040662107,0.7864435817558881,1.0604760273419906
"time_since_vacc_cut2.roommate[182,365)",0.8209885967195925,0.7189334509458677,0.9375308313402658
"time_since_vacc_cut2.roommate[365,Inf)",0.7972707245528917,0.6524513052071885,0.9742345569026682
has.prior.inf.roommate,0.8336580956449278,0.7660484843452622,0.9072347699092812
