x,point,lb,ub
has.vacc.roommate.binary,0.784892437254193,0.6998880663734659,0.880220949116876
has.prior.inf.roommate,0.8229410805858997,0.75544713718713985,0.8964651380340382
