x,point,lb,ub
has.vacc.roommate.binary,0.7910089199029987,0.7060162116100169,0.8862333485788633
has.prior.inf.roommate,0.8376608518096532,0.7699169270675634,0.9113654707229197
