x,point,lb,ub
bivalent_timeMonovalent<90,0.7367073024347319,0.6486393600670288,0.8367325248418078
bivalent_timeMonovalent>=90,0.8304851094577057,0.7346380482294227,0.9388371847786285
bivalent_timeBivalent,0.5656809743867623,0.34084281937203037,0.9388344028274275
has.prior.inf.roommate,0.8187426606744794,0.751474606405738,0.8920321973546426
