x,point,lb,ub
bivalent_timeMonovalent<90,0.736515017258999,0.6477308188495536,0.8374688294305443
bivalent_timeMonovalent>=90,0.8236069715579188,0.7276479829303069,0.9322206059956548
bivalent_timeBivalent,0.5688820445280944,0.3417790942020985,0.946888753807452
has.prior.inf.roommate,0.818747162349331,0.7512542627492279,0.8923036435120323
