x,point,lb,ub
dose.1,0.9391902415020935,0.9049356062253041,0.9747415215676103
dose.2,0.8820783097327608,0.8499066905545868,0.915467725043202
dose.3,0.82843934074167,0.7982240699562074,0.859798353770697
dose.4,0.7780621445010042,0.7496842570349544,0.8075142235210034
has.prior.inf.roommate,0.8209248532536034,0.7533726940843558,0.8945341661321099
NA,NA,NA,NA
NA,NA,NA,NA
NA,NA,NA,NA
NA,NA,NA,NA
