x,point,lb,ub
dose.1,0.9428389334390427,0.909155331821105,0.977770490140391
dose.2,0.8889452544084716,0.8571870433846295,0.9218800860721362
dose.3,0.8381321955521818,0.8081893177425306,0.8691844371109458
dose.4,0.7902236653353423,0.761992354357195,0.8195009276474988
has.prior.inf.roommate,0.8362331684761196,0.7686342077798264,0.9097772451208926
NA,NA,NA,NA
NA,NA,NA,NA
NA,NA,NA,NA
NA,NA,NA,NA
