x,point,lb,ub
infvaccvacc,0.7686714865926656,0.6603023854584015,0.8948261695138188
infvaccinf,0.7919136377140639,0.6386222808694638,0.9820002032245225
infvaccboth,0.6490409675144206,0.5535086932666053,0.7610615382135509
