x,point,lb,ub
infvaccvacc,0.7592515490476854,0.6502233417383383,0.8865613977962806
infvaccinf,0.7774234267464919,0.6237804943507441,0.9689100411569114
infvaccboth,0.6293195299185381,0.534910795250352,0.7403908731203144
