point,lb,ub,x
26.348498274100095,35.22691811504464,16.253117056945566,bivalent_timeMonovalent<90
17.639302844208117,27.235201706969313,6.777939400434518,bivalent_timeMonovalent>=90
43.11179554719055,65.82209057979014,5.311124619254803,bivalent_timeBivalent
18.125283765066904,24.87457372507721,10.769635648796772,has.prior.inf.roommate
