point,lb,ub,x
21.872474995969792,30.410338350667498,12.287112502235987,has.vacc.roommate.binary
17.766137863486254,24.53503590266649,10.390097407783783,has.prior.inf.roommate
