x,point,lb,ub
has.vacc.roommate.binary,0.7812752500403021,0.695896616493325,0.8771288749776401
has.prior.inf.roommate,0.8223386213651375,0.7546496409733351,0.8960990259221622
