point,lb,ub,x
31.67781560059767,42.63198091759658,18.632001666277986,"time_since_vacc_cut2.roommate[0,30)"
28.936610866208856,38.80426832237226,17.477818521992894,"time_since_vacc_cut2.roommate[30,60)"
18.774432580660683,31.213044640294672,4.086570366531472,"time_since_vacc_cut2.roommate[60,90)"
12.381683925044996,24.743654749235468,-2.010923945748333,"time_since_vacc_cut2.roommate[90,182)"
18.935990751500043,29.197613078857543,7.187117819066147,"time_since_vacc_cut2.roommate[182,365)"
20.51995862702102,35.29742259737627,2.3674599955844977,"time_since_vacc_cut2.roommate[365,Inf)"
17.995287671129624,24.763199500364607,10.618569643011677,has.prior.inf.roommate
