x,point,lb,ub
has.vacc.roommate.binary,0.7702320805537081,0.686394013993902,0.8643103608408863
has.prior.inf.roommate,0.8256042271664699,0.7576022572062152,0.8997100172704608
age,0.9947469431461852,0.989203599152005,1.000321351182858
age.roommate,1.0042945692335068,0.9989852087995245,1.009632147611028
risk,1.07862081648871,1.0426727509668552,1.115808257848828
risk.roommate,1.0864530515275366,1.051869972774458,1.1221731428078259
