x,point,lb,ub
bivalent_timeMonovalent<90,0.7142537359156955,0.6242639281035601,0.8172158862667732
bivalent_timeMonovalent>=90,0.8146887090450213,0.7159546220776969,0.9270387705848422
bivalent_timeBivalent,0.4820507061682062,0.2845752629932657,0.816560374479089
has.prior.inf.roommate,0.8586185874028414,0.7852267272577805,0.9388700779560045
age,0.9918742607080675,0.9861421564258639,0.9976396837357359
age.roommate,1.0057166624562175,1.0001393829729648,1.0113250436508554
risk,1.0888606008876829,1.0510699362112188,1.1280100089621716
risk.roommate,1.0861590863648094,1.050359631896447,1.1231786952463023
