x,point,lb,ub
dose.1,0.9288632359593805,0.8938219770561431,0.9652782469710274
dose.2,0.8627869111169316,0.8302383739799801,0.8966114760827065
dose.3,0.8014110422034715,0.7711779026726987,0.8328294370724995
dose.4,0.7444012539946961,0.716318802176931,0.773584645921391
has.prior.inf.roommate,0.8805621564596533,0.8065855220638615,0.9613236168742978
age,0.9956528446424633,0.990037387270353,1.0013001526920364
age.roommate,1.006204214582031,1.0007809182427938,1.0116569001138949
risk,1.0878837891132018,1.0510410338493057,1.1260180149969123
risk.roommate,1.079377959938412,1.044556068437483,1.1153606930296984
