x,point,lb,ub
infvaccvacc,0.7251656252347531,0.6192052029971813,0.8492583419466266
infvaccinf,0.7711863486969346,0.6159651830543205,0.9655227288456375
infvaccboth,0.651731498427018,0.5523507009186205,0.7689932235724755
age,0.9956314928239698,0.9900135117705724,1.0012813539585388
age.roommate,1.005169403910528,0.9997968465788145,1.0105708314796111
risk,1.0880961201463912,1.0512209728957465,1.1262647884737809
risk.roommate,1.0783354648062258,1.0435778128399211,1.1142507634332266
