x,point,lb,ub
infvaccvacc,0.7104727301038246,0.6047142743990592,0.8347272779740543
infvaccinf,0.7432900832988781,0.591039427510777,0.9347602244697615
infvaccboth,0.6255003261529675,0.5283508629382435,0.7405129535355753
age,0.9919253849937161,0.9862004346354277,0.9976835690187662
age.roommate,1.0045616967429927,0.9990726541736186,1.0100808968671777
risk,1.0896929945675684,1.0518852203727902,1.1288596886918962
risk.roommate,1.0850040823804492,1.0493416620129046,1.1218785085917642
