x,point,lb,ub
dose.1,0.9247694977106665,0.889219334756295,0.9617409231552747
dose.2,0.8551986238960385,0.822322917557192,0.8893886704340962
dose.3,0.7908616018631927,0.7604591514253343,0.8224795140268967
dose.4,0.7313646863136778,0.703249427493086,0.7606039670639663
has.prior.inf.roommate,0.8607997894436075,0.7873502286044156,0.9411012413364572
age,0.9919748867910433,0.9862517538580122,0.9977312305654655
age.roommate,1.005647210598227,1.000105882475491,1.0112192417874104
risk,1.0893373206787516,1.0515686453090378,1.1284625150408736
risk.roommate,1.0859576169901244,1.0502368245930391,1.1228933496555342
