point,lb,ub,x
26.944996774799467,37.08217441754553,15.174540015852568,bivalent_timeMonovalent<90
17.375788014690773,28.41020647029794,4.6405909333857025,bivalent_timeMonovalent>=90
51.60515382856878,73.17661454863716,12.685848689636769,bivalent_timeBivalent
13.826428127901657,21.80560359948557,5.033035216998705,has.prior.inf.roommate
0.6718931129425454,1.3638724788783363,-0.024940817491203582,age
-0.8841268312501427,-0.21368004875128577,-1.5590590182161579,age.roommate
-14.847868248042406,-9.888521801754457,-20.031033495157267,risk
-11.88341587084738,-7.342332467411983,-16.6166083705074,risk.roommate
