point,lb,ub,x
21.976406614542544,31.754402011273964,10.797453547335522,has.vacc.roommate.binary
13.564543828558307,21.56005244416239,4.754040302654328,has.prior.inf.roommate
0.6773636074757339,1.3681626868405905,-0.018273700406923332,age
-0.7749453253019789,-0.1132272402519785,-1.4410371663096555,age.roommate
-14.935191241495648,-9.979251291398295,-20.114458232835485,risk
-11.686025036276359,-7.165910747509874,-16.396791679331592,risk.roommate
