point,lb,ub,x
23.39835180494895,32.10511622886138,13.57504158961812,has.vacc.roommate.binary
13.775910760392163,21.135345014593298,5.7297141973730925,has.prior.inf.roommate
0.8045700758621988,1.3770019410290213,0.22881567693848748,age
-0.455058983509149,0.09375303079824926,-1.0068857705278322,age.roommate
-8.949786614834544,-5.170819658831416,-12.864538299918316,risk
-8.456044703724208,-4.892861174462504,-12.14026866148643,risk.roommate
