point,lb,ub,x
7.523050228933348,11.0780665243705,3.8259076844725293,dose.1
14.480137610396149,17.7677082442808,11.06113295659038,dose.2
20.913839813680735,23.954084857466572,17.75204859731033,dose.3
26.86353136863222,29.675057250691395,23.939603293603373,dose.4
13.920021055639253,21.26497713955844,5.889875866354277,has.prior.inf.roommate
0.8025113208956713,1.3748246141987774,0.22687694345344678,age
-0.5647210598227037,-0.0105882475490926,-1.1219241787410406,age.roommate
-8.933732067875155,-5.156864530903782,-12.846251504087359,risk
-8.595761699012439,-5.023682459303913,-12.289334965553422,risk.roommate
