point,lb,ub,x
28.574626408430447,37.57360718964399,18.27841137332268,bivalent_timeMonovalent<90
18.531129095497867,28.40453779223031,7.296122941515781,bivalent_timeMonovalent>=90
51.79492938317938,71.54247370067344,18.3439625520911,bivalent_timeBivalent
14.138141259715864,21.477327274221945,6.112992204399548,has.prior.inf.roommate
0.8125739291932499,1.3857843574136108,0.23603162642641395,age
-0.5716662456217492,-0.013938297296478552,-1.1325043650855404,age.roommate
-8.88606008876829,-5.10699362112188,-12.801000896217163,risk
-8.61590863648094,-5.035963189644699,-12.317869524630233,risk.roommate
